names,
theodor peifer,
anton berndorfer,
Yoshihide Suga,
franziska hafner,
celien mathiue,
alexander van rinnsalen,
Muhammad Ali Jinnah,
liu cixin,
robert downey junior,
malkz van der haben,
theodor peifer,
anton berndorfer,
Yoshihide Suga,
franziska hafner,
celien mathiue,
alexander van rinnsalen,
Muhammad Ali Jinnah,
liu cixin,
robert downey junior,
malkz van der haben,
theodor peifer,
anton berndorfer,
Yoshihide Suga,
franziska hafner,
celien mathiue,
alexander van rinnsalen,
Muhammad Ali Jinnah,
liu cixin,
robert downey junior,
malkz van der haben,
theodor peifer,
anton berndorfer,
Yoshihide Suga,
franziska hafner,
celien mathiue,
alexander van rinnsalen,
Muhammad Ali Jinnah,
liu cixin,
robert downey junior,
malkz van der haben,
theodor peifer,
anton berndorfer,
Yoshihide Suga,
franziska hafner,
celien mathiue,
alexander van rinnsalen,
Muhammad Ali Jinnah,
liu cixin,
robert downey junior,
malkz van der haben,